,date,admin1,admin2,market,market_id,latitude,longitude,category,commodity,commodity_id,unit,priceflag,pricetype,currency,price,usdprice
33763,2015-07-15,,,National Average,1887,,,cereals and tubers,Potatoes,83,KG,actual,Retail,INR,15.78,0.25
33764,2015-07-15,,,National Average,1887,,,cereals and tubers,Rice,52,KG,actual,Retail,INR,27.52,0.43
33765,2015-07-15,,,National Average,1887,,,cereals and tubers,Wheat,84,KG,actual,Retail,INR,22.64,0.36
33766,2015-07-15,,,National Average,1887,,,cereals and tubers,Wheat flour,58,KG,actual,Retail,INR,24.67,0.39
33767,2015-07-15,,,National Average,1887,,,miscellaneous food,Sugar,97,KG,actual,Retail,INR,29.52,0.46
33768,2015-07-15,,,National Average,1887,,,oil and fats,Oil (palm),62,KG,actual,Retail,INR,66.21,1.04
33769,2015-07-15,,,National Average,1887,,,oil and fats,Oil (soybean),306,KG,actual,Retail,INR,82.77,1.3
33770,2015-07-15,,,National Average,1887,,,pulses and nuts,Lentils,108,KG,actual,Retail,INR,60.0,0.94
33771,2015-07-15,,,National Average,1887,,,pulses and nuts,Lentils (masur),61,KG,actual,Retail,INR,82.32,1.3
33772,2015-07-15,,,National Average,1887,,,vegetables and fruits,Tomatoes,114,KG,actual,Retail,INR,28.89,0.45
34486,2015-08-15,,,National Average,1887,,,cereals and tubers,Potatoes,83,KG,actual,Retail,INR,15.75,0.24
34487,2015-08-15,,,National Average,1887,,,cereals and tubers,Rice,52,KG,actual,Retail,INR,27.34,0.42
34488,2015-08-15,,,National Average,1887,,,cereals and tubers,Wheat,84,KG,actual,Retail,INR,22.5,0.34
34489,2015-08-15,,,National Average,1887,,,cereals and tubers,Wheat flour,58,KG,actual,Retail,INR,24.49,0.38
34490,2015-08-15,,,National Average,1887,,,miscellaneous food,Sugar,97,KG,actual,Retail,INR,29.35,0.45
34491,2015-08-15,,,National Average,1887,,,oil and fats,Oil (groundnut),245,KG,actual,Retail,INR,121.48,1.86
34492,2015-08-15,,,National Average,1887,,,oil and fats,Oil (palm),62,KG,actual,Retail,INR,65.16,1.0
34493,2015-08-15,,,National Average,1887,,,oil and fats,Oil (soybean),306,KG,actual,Retail,INR,82.57,1.27
34494,2015-08-15,,,National Average,1887,,,pulses and nuts,Lentils,108,KG,actual,Retail,INR,61.09,0.94
34495,2015-08-15,,,National Average,1887,,,pulses and nuts,Lentils (masur),61,KG,actual,Retail,INR,84.75,1.3
34496,2015-08-15,,,National Average,1887,,,pulses and nuts,Lentils (urad),332,KG,actual,Retail,INR,100.88,1.55
34497,2015-08-15,,,National Average,1887,,,vegetables and fruits,Tomatoes,114,KG,actual,Retail,INR,25.35,0.39
35198,2015-09-15,,,National Average,1887,,,cereals and tubers,Potatoes,83,KG,actual,Retail,INR,15.84,0.24
35199,2015-09-15,,,National Average,1887,,,cereals and tubers,Rice,52,KG,actual,Retail,INR,27.4,0.41
35200,2015-09-15,,,National Average,1887,,,cereals and tubers,Wheat,84,KG,actual,Retail,INR,22.7,0.34
35201,2015-09-15,,,National Average,1887,,,cereals and tubers,Wheat flour,58,KG,actual,Retail,INR,24.62,0.37
35202,2015-09-15,,,National Average,1887,,,miscellaneous food,Salt (iodised),334,KG,actual,Retail,INR,14.9,0.22
35203,2015-09-15,,,National Average,1887,,,miscellaneous food,Sugar,97,KG,actual,Retail,INR,29.84,0.45
35204,2015-09-15,,,National Average,1887,,,oil and fats,Ghee (vanaspati),333,KG,actual,Retail,INR,73.67,1.11
35205,2015-09-15,,,National Average,1887,,,oil and fats,Oil (groundnut),245,KG,actual,Retail,INR,123.57,1.86
35206,2015-09-15,,,National Average,1887,,,oil and fats,Oil (mustard),228,KG,actual,Retail,INR,105.24,1.58
35207,2015-09-15,,,National Average,1887,,,oil and fats,Oil (palm),62,KG,actual,Retail,INR,64.42,0.97
35208,2015-09-15,,,National Average,1887,,,pulses and nuts,Lentils,108,KG,actual,Retail,INR,63.78,0.96
35209,2015-09-15,,,National Average,1887,,,pulses and nuts,Lentils (masur),61,KG,actual,Retail,INR,88.48,1.33
35210,2015-09-15,,,National Average,1887,,,vegetables and fruits,Onions,173,KG,actual,Retail,INR,54.14,0.81
35211,2015-09-15,,,National Average,1887,,,vegetables and fruits,Tomatoes,114,KG,actual,Retail,INR,25.29,0.38
37964,2016-01-15,,,National Average,1887,,,cereals and tubers,Potatoes,83,KG,actual,Retail,INR,15.19,0.22
37965,2016-01-15,,,National Average,1887,,,cereals and tubers,Rice,52,KG,actual,Retail,INR,27.06,0.4
37966,2016-01-15,,,National Average,1887,,,cereals and tubers,Wheat,84,KG,actual,Retail,INR,23.35,0.34
37967,2016-01-15,,,National Average,1887,,,cereals and tubers,Wheat flour,58,KG,actual,Retail,INR,24.58,0.36
37968,2016-01-15,,,National Average,1887,,,miscellaneous food,Salt (iodised),334,KG,actual,Retail,INR,15.19,0.22
37969,2016-01-15,,,National Average,1887,,,miscellaneous food,Sugar,97,KG,actual,Retail,INR,33.15,0.49
37970,2016-01-15,,,National Average,1887,,,miscellaneous food,Sugar (jaggery/gur),331,KG,actual,Retail,INR,39.65,0.59
37971,2016-01-15,,,National Average,1887,,,oil and fats,Ghee (vanaspati),333,KG,actual,Retail,INR,71.51,1.06
37972,2016-01-15,,,National Average,1887,,,oil and fats,Oil (mustard),228,KG,actual,Retail,INR,111.91,1.65
37973,2016-01-15,,,National Average,1887,,,oil and fats,Oil (palm),62,KG,actual,Retail,INR,62.57,0.92
37974,2016-01-15,,,National Average,1887,,,pulses and nuts,Lentils,108,KG,actual,Retail,INR,67.42,0.99
37975,2016-01-15,,,National Average,1887,,,pulses and nuts,Lentils (masur),61,KG,actual,Retail,INR,83.61,1.23
37976,2016-01-15,,,National Average,1887,,,pulses and nuts,Lentils (urad),332,KG,actual,Retail,INR,139.56,2.06
37977,2016-01-15,,,National Average,1887,,,vegetables and fruits,Onions,173,KG,actual,Retail,INR,22.66,0.33
37978,2016-01-15,,,National Average,1887,,,vegetables and fruits,Tomatoes,114,KG,actual,Retail,INR,27.99,0.41
38675,2016-02-15,,,National Average,1887,,,cereals and tubers,Potatoes,83,KG,actual,Retail,INR,14.92,0.22
38676,2016-02-15,,,National Average,1887,,,cereals and tubers,Rice,52,KG,actual,Retail,INR,27.04,0.4
38677,2016-02-15,,,National Average,1887,,,cereals and tubers,Wheat,84,KG,actual,Retail,INR,23.82,0.35
38678,2016-02-15,,,National Average,1887,,,cereals and tubers,Wheat flour,58,KG,actual,Retail,INR,24.98,0.37
38679,2016-02-15,,,National Average,1887,,,miscellaneous food,Salt (iodised),334,KG,actual,Retail,INR,15.01,0.22
38680,2016-02-15,,,National Average,1887,,,miscellaneous food,Sugar,97,KG,actual,Retail,INR,33.92,0.5
38681,2016-02-15,,,National Average,1887,,,miscellaneous food,Sugar (jaggery/gur),331,KG,actual,Retail,INR,39.49,0.58
38682,2016-02-15,,,National Average,1887,,,miscellaneous food,Tea (black),175,KG,actual,Retail,INR,202.81,2.98
38683,2016-02-15,,,National Average,1887,,,oil and fats,Oil (palm),62,KG,actual,Retail,INR,64.11,0.94
38684,2016-02-15,,,National Average,1887,,,pulses and nuts,Lentils,108,KG,actual,Retail,INR,66.05,0.97
38685,2016-02-15,,,National Average,1887,,,pulses and nuts,Lentils (masur),61,KG,actual,Retail,INR,80.33,1.18
38686,2016-02-15,,,National Average,1887,,,vegetables and fruits,Tomatoes,114,KG,actual,Retail,INR,19.92,0.29
39391,2016-03-15,,,National Average,1887,,,cereals and tubers,Potatoes,83,KG,actual,Retail,INR,15.32,0.23
39392,2016-03-15,,,National Average,1887,,,cereals and tubers,Rice,52,KG,actual,Retail,INR,26.95,0.4
39393,2016-03-15,,,National Average,1887,,,cereals and tubers,Wheat,84,KG,actual,Retail,INR,23.69,0.35
39394,2016-03-15,,,National Average,1887,,,cereals and tubers,Wheat flour,58,KG,actual,Retail,INR,24.95,0.37
39395,2016-03-15,,,National Average,1887,,,miscellaneous food,Sugar,97,KG,actual,Retail,INR,34.64,0.51
39396,2016-03-15,,,National Average,1887,,,oil and fats,Oil (palm),62,KG,actual,Retail,INR,64.77,0.96
39397,2016-03-15,,,National Average,1887,,,pulses and nuts,Lentils,108,KG,actual,Retail,INR,65.48,0.97
39398,2016-03-15,,,National Average,1887,,,pulses and nuts,Lentils (masur),61,KG,actual,Retail,INR,79.12,1.17
39399,2016-03-15,,,National Average,1887,,,vegetables and fruits,Tomatoes,114,KG,actual,Retail,INR,16.83,0.25
40104,2016-04-15,,,National Average,1887,,,cereals and tubers,Potatoes,83,KG,actual,Retail,INR,16.55,0.25
40105,2016-04-15,,,National Average,1887,,,cereals and tubers,Rice,52,KG,actual,Retail,INR,26.85,0.4
40106,2016-04-15,,,National Average,1887,,,cereals and tubers,Wheat,84,KG,actual,Retail,INR,23.27,0.35
40107,2016-04-15,,,National Average,1887,,,cereals and tubers,Wheat flour,58,KG,actual,Retail,INR,24.58,0.37
40108,2016-04-15,,,National Average,1887,,,milk and dairy,Milk (pasteurized),463,L,actual,Retail,INR,39.47,0.59
40109,2016-04-15,,,National Average,1887,,,miscellaneous food,Sugar,97,KG,actual,Retail,INR,37.4,0.56
40110,2016-04-15,,,National Average,1887,,,miscellaneous food,Sugar (jaggery/gur),331,KG,actual,Retail,INR,40.08,0.6
40111,2016-04-15,,,National Average,1887,,,oil and fats,Oil (palm),62,KG,actual,Retail,INR,67.4,1.01
40112,2016-04-15,,,National Average,1887,,,pulses and nuts,Lentils,108,KG,actual,Retail,INR,68.26,1.02
40113,2016-04-15,,,National Average,1887,,,pulses and nuts,Lentils (masur),61,KG,actual,Retail,INR,81.1,1.22
40114,2016-04-15,,,National Average,1887,,,vegetables and fruits,Tomatoes,114,KG,actual,Retail,INR,18.84,0.28
40830,2016-05-15,,,National Average,1887,,,cereals and tubers,Potatoes,83,KG,actual,Retail,INR,19.01,0.28
40831,2016-05-15,,,National Average,1887,,,cereals and tubers,Rice,52,KG,actual,Retail,INR,26.83,0.4
40832,2016-05-15,,,National Average,1887,,,cereals and tubers,Wheat,84,KG,actual,Retail,INR,23.34,0.35
40833,2016-05-15,,,National Average,1887,,,cereals and tubers,Wheat flour,58,KG,actual,Retail,INR,24.48,0.37
40834,2016-05-15,,,National Average,1887,,,miscellaneous food,Salt (iodised),334,KG,actual,Retail,INR,15.0,0.22
40835,2016-05-15,,,National Average,1887,,,miscellaneous food,Sugar,97,KG,actual,Retail,INR,39.23,0.59
40836,2016-05-15,,,National Average,1887,,,oil and fats,Oil (groundnut),245,KG,actual,Retail,INR,129.3,1.93
40837,2016-05-15,,,National Average,1887,,,oil and fats,Oil (palm),62,KG,actual,Retail,INR,69.94,1.05
40838,2016-05-15,,,National Average,1887,,,oil and fats,Oil (soybean),306,KG,actual,Retail,INR,82.28,1.23
40839,2016-05-15,,,National Average,1887,,,pulses and nuts,Lentils,108,KG,actual,Retail,INR,73.58,1.1
40840,2016-05-15,,,National Average,1887,,,pulses and nuts,Lentils (masur),61,KG,actual,Retail,INR,82.84,1.24
40841,2016-05-15,,,National Average,1887,,,vegetables and fruits,Tomatoes,114,KG,actual,Retail,INR,26.73,0.4
41531,2016-06-15,,,National Average,1887,,,cereals and tubers,Potatoes,83,KG,actual,Retail,INR,21.24,0.32
41532,2016-06-15,,,National Average,1887,,,cereals and tubers,Rice,52,KG,actual,Retail,INR,27.03,0.4
41533,2016-06-15,,,National Average,1887,,,cereals and tubers,Wheat,84,KG,actual,Retail,INR,23.39,0.35
41534,2016-06-15,,,National Average,1887,,,cereals and tubers,Wheat flour,58,KG,actual,Retail,INR,24.61,0.37
41535,2016-06-15,,,National Average,1887,,,miscellaneous food,Salt (iodised),334,KG,actual,Retail,INR,15.08,0.22
41536,2016-06-15,,,National Average,1887,,,miscellaneous food,Sugar,97,KG,actual,Retail,INR,39.5,0.59
41537,2016-06-15,,,National Average,1887,,,miscellaneous food,Tea (black),175,KG,actual,Retail,INR,198.97,2.97
41538,2016-06-15,,,National Average,1887,,,oil and fats,Oil (palm),62,KG,actual,Retail,INR,69.67,1.04
41539,2016-06-15,,,National Average,1887,,,pulses and nuts,Lentils,108,KG,actual,Retail,INR,79.26,1.18
41540,2016-06-15,,,National Average,1887,,,pulses and nuts,Lentils (masur),61,KG,actual,Retail,INR,83.8,1.25
41541,2016-06-15,,,National Average,1887,,,vegetables and fruits,Tomatoes,114,KG,actual,Retail,INR,40.17,0.6
42253,2016-07-15,,,National Average,1887,,,cereals and tubers,Potatoes,83,KG,actual,Retail,INR,22.63,0.34
42254,2016-07-15,,,National Average,1887,,,cereals and tubers,Rice,52,KG,actual,Retail,INR,27.38,0.41
42255,2016-07-15,,,National Average,1887,,,cereals and tubers,Wheat,84,KG,actual,Retail,INR,23.31,0.35
42256,2016-07-15,,,National Average,1887,,,cereals and tubers,Wheat flour,58,KG,actual,Retail,INR,24.76,0.37
42257,2016-07-15,,,National Average,1887,,,miscellaneous food,Salt (iodised),334,KG,actual,Retail,INR,14.74,0.22
42258,2016-07-15,,,National Average,1887,,,miscellaneous food,Sugar,97,KG,actual,Retail,INR,39.78,0.59
42259,2016-07-15,,,National Average,1887,,,oil and fats,Ghee (vanaspati),333,KG,actual,Retail,INR,74.56,1.11
42260,2016-07-15,,,National Average,1887,,,oil and fats,Oil (mustard),228,KG,actual,Retail,INR,108.37,1.61
42261,2016-07-15,,,National Average,1887,,,oil and fats,Oil (palm),62,KG,actual,Retail,INR,68.71,1.02
42262,2016-07-15,,,National Average,1887,,,oil and fats,Oil (soybean),306,KG,actual,Retail,INR,82.39,1.23
42263,2016-07-15,,,National Average,1887,,,pulses and nuts,Lentils,108,KG,actual,Retail,INR,93.07,1.39
42264,2016-07-15,,,National Average,1887,,,pulses and nuts,Lentils (masur),61,KG,actual,Retail,INR,85.57,1.27
42265,2016-07-15,,,National Average,1887,,,pulses and nuts,Lentils (moong),325,KG,actual,Retail,INR,96.86,1.44
42266,2016-07-15,,,National Average,1887,,,pulses and nuts,Lentils (urad),332,KG,actual,Retail,INR,151.67,2.26
42267,2016-07-15,,,National Average,1887,,,vegetables and fruits,Onions,173,KG,actual,Retail,INR,16.64,0.25
42268,2016-07-15,,,National Average,1887,,,vegetables and fruits,Tomatoes,114,KG,actual,Retail,INR,40.67,0.61
42981,2016-08-15,,,National Average,1887,,,cereals and tubers,Potatoes,83,KG,actual,Retail,INR,22.65,0.34
42982,2016-08-15,,,National Average,1887,,,cereals and tubers,Rice,52,KG,actual,Retail,INR,27.53,0.41
42983,2016-08-15,,,National Average,1887,,,cereals and tubers,Wheat,84,KG,actual,Retail,INR,23.31,0.35
42984,2016-08-15,,,National Average,1887,,,cereals and tubers,Wheat flour,58,KG,actual,Retail,INR,24.97,0.37
42985,2016-08-15,,,National Average,1887,,,milk and dairy,Milk (pasteurized),463,L,actual,Retail,INR,40.12,0.6
42986,2016-08-15,,,National Average,1887,,,miscellaneous food,Sugar,97,KG,actual,Retail,INR,40.59,0.61
42987,2016-08-15,,,National Average,1887,,,miscellaneous food,Sugar (jaggery/gur),331,KG,actual,Retail,INR,43.62,0.65
42988,2016-08-15,,,National Average,1887,,,oil and fats,Oil (mustard),228,KG,actual,Retail,INR,109.4,1.64
42989,2016-08-15,,,National Average,1887,,,oil and fats,Oil (palm),62,KG,actual,Retail,INR,69.79,1.04
42990,2016-08-15,,,National Average,1887,,,oil and fats,Oil (soybean),306,KG,actual,Retail,INR,82.82,1.24
42991,2016-08-15,,,National Average,1887,,,pulses and nuts,Lentils,108,KG,actual,Retail,INR,99.79,1.49
42992,2016-08-15,,,National Average,1887,,,pulses and nuts,Lentils (masur),61,KG,actual,Retail,INR,85.39,1.28
42993,2016-08-15,,,National Average,1887,,,vegetables and fruits,Tomatoes,114,KG,actual,Retail,INR,29.61,0.44
43709,2016-09-15,,,National Average,1887,,,cereals and tubers,Potatoes,83,KG,actual,Retail,INR,22.1,0.33
43710,2016-09-15,,,National Average,1887,,,cereals and tubers,Rice,52,KG,actual,Retail,INR,27.51,0.41
43711,2016-09-15,,,National Average,1887,,,cereals and tubers,Wheat,84,KG,actual,Retail,INR,23.32,0.35
43712,2016-09-15,,,National Average,1887,,,cereals and tubers,Wheat flour,58,KG,actual,Retail,INR,25.07,0.38
43713,2016-09-15,,,National Average,1887,,,miscellaneous food,Sugar,97,KG,actual,Retail,INR,40.51,0.61
43714,2016-09-15,,,National Average,1887,,,oil and fats,Oil (palm),62,KG,actual,Retail,INR,71.33,1.07
43715,2016-09-15,,,National Average,1887,,,oil and fats,Oil (soybean),306,KG,actual,Retail,INR,82.9,1.24
43716,2016-09-15,,,National Average,1887,,,pulses and nuts,Lentils,108,KG,actual,Retail,INR,100.28,1.5
43717,2016-09-15,,,National Average,1887,,,pulses and nuts,Lentils (masur),61,KG,actual,Retail,INR,84.16,1.26
43718,2016-09-15,,,National Average,1887,,,pulses and nuts,Lentils (urad),332,KG,actual,Retail,INR,131.5,1.97
43719,2016-09-15,,,National Average,1887,,,vegetables and fruits,Tomatoes,114,KG,actual,Retail,INR,24.55,0.37
44416,2016-10-15,,,National Average,1887,,,cereals and tubers,Potatoes,83,KG,actual,Retail,INR,21.38,0.32
44417,2016-10-15,,,National Average,1887,,,cereals and tubers,Rice,52,KG,actual,Retail,INR,27.45,0.41
44418,2016-10-15,,,National Average,1887,,,cereals and tubers,Wheat,84,KG,actual,Retail,INR,23.42,0.35
44419,2016-10-15,,,National Average,1887,,,cereals and tubers,Wheat flour,58,KG,actual,Retail,INR,25.38,0.38
44420,2016-10-15,,,National Average,1887,,,miscellaneous food,Sugar,97,KG,actual,Retail,INR,40.63,0.61
44421,2016-10-15,,,National Average,1887,,,oil and fats,Ghee (vanaspati),333,KG,actual,Retail,INR,76.58,1.15
44422,2016-10-15,,,National Average,1887,,,oil and fats,Oil (palm),62,KG,actual,Retail,INR,70.66,1.06
44423,2016-10-15,,,National Average,1887,,,pulses and nuts,Lentils,108,KG,actual,Retail,INR,112.11,1.68
44424,2016-10-15,,,National Average,1887,,,pulses and nuts,Lentils (masur),61,KG,actual,Retail,INR,83.49,1.25
44425,2016-10-15,,,National Average,1887,,,vegetables and fruits,Tomatoes,114,KG,actual,Retail,INR,25.37,0.38
45120,2016-11-15,,,National Average,1887,,,cereals and tubers,Potatoes,83,KG,actual,Retail,INR,20.53,0.3
45121,2016-11-15,,,National Average,1887,,,cereals and tubers,Rice,52,KG,actual,Retail,INR,27.73,0.41
45122,2016-11-15,,,National Average,1887,,,cereals and tubers,Wheat,84,KG,actual,Retail,INR,24.05,0.35
45123,2016-11-15,,,National Average,1887,,,cereals and tubers,Wheat flour,58,KG,actual,Retail,INR,26.14,0.39
45124,2016-11-15,,,National Average,1887,,,miscellaneous food,Sugar,97,KG,actual,Retail,INR,40.76,0.6
45125,2016-11-15,,,National Average,1887,,,miscellaneous food,Sugar (jaggery/gur),331,KG,actual,Retail,INR,43.49,0.64
45126,2016-11-15,,,National Average,1887,,,oil and fats,Oil (palm),62,KG,actual,Retail,INR,70.15,1.03
45127,2016-11-15,,,National Average,1887,,,pulses and nuts,Lentils,108,KG,actual,Retail,INR,123.41,1.82
45128,2016-11-15,,,National Average,1887,,,pulses and nuts,Lentils (masur),61,KG,actual,Retail,INR,82.01,1.21
45129,2016-11-15,,,National Average,1887,,,pulses and nuts,Lentils (moong),325,KG,actual,Retail,INR,84.18,1.24
45130,2016-11-15,,,National Average,1887,,,vegetables and fruits,Tomatoes,114,KG,actual,Retail,INR,21.45,0.32
45838,2016-12-15,,,National Average,1887,,,cereals and tubers,Potatoes,83,KG,actual,Retail,INR,17.1,0.25
45839,2016-12-15,,,National Average,1887,,,cereals and tubers,Rice,52,KG,actual,Retail,INR,28.15,0.41
45840,2016-12-15,,,National Average,1887,,,cereals and tubers,Wheat,84,KG,actual,Retail,INR,24.56,0.36
45841,2016-12-15,,,National Average,1887,,,cereals and tubers,Wheat flour,58,KG,actual,Retail,INR,27.12,0.4
45842,2016-12-15,,,National Average,1887,,,milk and dairy,Milk (pasteurized),463,L,actual,Retail,INR,40.2,0.59
45843,2016-12-15,,,National Average,1887,,,miscellaneous food,Salt (iodised),334,KG,actual,Retail,INR,15.08,0.22
45844,2016-12-15,,,National Average,1887,,,miscellaneous food,Sugar,97,KG,actual,Retail,INR,40.68,0.6
45845,2016-12-15,,,National Average,1887,,,miscellaneous food,Sugar (jaggery/gur),331,KG,actual,Retail,INR,43.14,0.64
45846,2016-12-15,,,National Average,1887,,,miscellaneous food,Tea (black),175,KG,actual,Retail,INR,198.96,2.93
45847,2016-12-15,,,National Average,1887,,,oil and fats,Ghee (vanaspati),333,KG,actual,Retail,INR,77.6,1.14
45848,2016-12-15,,,National Average,1887,,,oil and fats,Oil (palm),62,KG,actual,Retail,INR,70.73,1.04
45849,2016-12-15,,,National Average,1887,,,oil and fats,Oil (soybean),306,KG,actual,Retail,INR,85.35,1.26
45850,2016-12-15,,,National Average,1887,,,pulses and nuts,Lentils,108,KG,actual,Retail,INR,123.7,1.82
45851,2016-12-15,,,National Average,1887,,,pulses and nuts,Lentils (masur),61,KG,actual,Retail,INR,80.27,1.18
45852,2016-12-15,,,National Average,1887,,,vegetables and fruits,Tomatoes,114,KG,actual,Retail,INR,16.8,0.25
46557,2017-01-15,,,National Average,1887,,,cereals and tubers,Potatoes,83,KG,actual,Retail,INR,14.66,0.22
46558,2017-01-15,,,National Average,1887,,,cereals and tubers,Rice,52,KG,actual,Retail,INR,28.34,0.42
46559,2017-01-15,,,National Average,1887,,,cereals and tubers,Wheat,84,KG,actual,Retail,INR,24.51,0.36
46560,2017-01-15,,,National Average,1887,,,cereals and tubers,Wheat flour,58,KG,actual,Retail,INR,27.12,0.4
46561,2017-01-15,,,National Average,1887,,,milk and dairy,Milk (pasteurized),463,L,actual,Retail,INR,40.56,0.6
46562,2017-01-15,,,National Average,1887,,,miscellaneous food,Salt (iodised),334,KG,actual,Retail,INR,15.12,0.22
46563,2017-01-15,,,National Average,1887,,,miscellaneous food,Sugar,97,KG,actual,Retail,INR,41.14,0.6
46564,2017-01-15,,,National Average,1887,,,oil and fats,Oil (groundnut),245,KG,actual,Retail,INR,135.42,1.99
46565,2017-01-15,,,National Average,1887,,,oil and fats,Oil (palm),62,KG,actual,Retail,INR,71.27,1.05
46566,2017-01-15,,,National Average,1887,,,pulses and nuts,Lentils,108,KG,actual,Retail,INR,114.84,1.69
46567,2017-01-15,,,National Average,1887,,,pulses and nuts,Lentils (masur),61,KG,actual,Retail,INR,78.69,1.16
46568,2017-01-15,,,National Average,1887,,,pulses and nuts,Lentils (moong),325,KG,actual,Retail,INR,80.64,1.18
46569,2017-01-15,,,National Average,1887,,,vegetables and fruits,Onions,173,KG,actual,Retail,INR,14.84,0.22
46570,2017-01-15,,,National Average,1887,,,vegetables and fruits,Tomatoes,114,KG,actual,Retail,INR,14.67,0.22
47269,2017-02-15,,,National Average,1887,,,cereals and tubers,Potatoes,83,KG,actual,Retail,INR,13.97,0.21
47270,2017-02-15,,,National Average,1887,,,cereals and tubers,Rice,52,KG,actual,Retail,INR,28.87,0.43
47271,2017-02-15,,,National Average,1887,,,cereals and tubers,Wheat,84,KG,actual,Retail,INR,24.65,0.37
47272,2017-02-15,,,National Average,1887,,,cereals and tubers,Wheat flour,58,KG,actual,Retail,INR,26.85,0.4
47273,2017-02-15,,,National Average,1887,,,milk and dairy,Milk (pasteurized),463,L,actual,Retail,INR,40.45,0.61
47274,2017-02-15,,,National Average,1887,,,miscellaneous food,Salt (iodised),334,KG,actual,Retail,INR,15.15,0.23
47275,2017-02-15,,,National Average,1887,,,miscellaneous food,Sugar,97,KG,actual,Retail,INR,41.83,0.63
47276,2017-02-15,,,National Average,1887,,,oil and fats,Oil (palm),62,KG,actual,Retail,INR,71.41,1.07
47277,2017-02-15,,,National Average,1887,,,pulses and nuts,Lentils,108,KG,actual,Retail,INR,100.76,1.51
47278,2017-02-15,,,National Average,1887,,,pulses and nuts,Lentils (masur),61,KG,actual,Retail,INR,77.11,1.15
47279,2017-02-15,,,National Average,1887,,,pulses and nuts,Lentils (urad),332,KG,actual,Retail,INR,103.44,1.55
47280,2017-02-15,,,National Average,1887,,,vegetables and fruits,Tomatoes,114,KG,actual,Retail,INR,15.62,0.23
47958,2017-03-15,,,National Average,1887,,,cereals and tubers,Potatoes,83,KG,actual,Retail,INR,13.54,0.21
47959,2017-03-15,,,National Average,1887,,,cereals and tubers,Rice,52,KG,actual,Retail,INR,28.85,0.44
47960,2017-03-15,,,National Average,1887,,,cereals and tubers,Wheat,84,KG,actual,Retail,INR,24.41,0.37
47961,2017-03-15,,,National Average,1887,,,cereals and tubers,Wheat flour,58,KG,actual,Retail,INR,26.64,0.41
47962,2017-03-15,,,National Average,1887,,,miscellaneous food,Sugar,97,KG,actual,Retail,INR,42.38,0.65
47963,2017-03-15,,,National Average,1887,,,oil and fats,Oil (groundnut),245,KG,actual,Retail,INR,133.46,2.03
47964,2017-03-15,,,National Average,1887,,,oil and fats,Oil (palm),62,KG,actual,Retail,INR,70.76,1.08
47965,2017-03-15,,,National Average,1887,,,oil and fats,Oil (soybean),306,KG,actual,Retail,INR,86.17,1.31
47966,2017-03-15,,,National Average,1887,,,oil and fats,Oil (sunflower),184,KG,actual,Retail,INR,93.73,1.43
47967,2017-03-15,,,National Average,1887,,,pulses and nuts,Lentils,108,KG,actual,Retail,INR,89.43,1.36
47968,2017-03-15,,,National Average,1887,,,pulses and nuts,Lentils (masur),61,KG,actual,Retail,INR,74.8,1.14
47969,2017-03-15,,,National Average,1887,,,vegetables and fruits,Tomatoes,114,KG,actual,Retail,INR,16.66,0.25
48682,2017-04-15,,,National Average,1887,,,cereals and tubers,Potatoes,83,KG,actual,Retail,INR,13.64,0.21
48683,2017-04-15,,,National Average,1887,,,cereals and tubers,Rice,52,KG,actual,Retail,INR,28.64,0.44
48684,2017-04-15,,,National Average,1887,,,cereals and tubers,Wheat,84,KG,actual,Retail,INR,23.96,0.37
48685,2017-04-15,,,National Average,1887,,,cereals and tubers,Wheat flour,58,KG,actual,Retail,INR,26.17,0.41
48686,2017-04-15,,,National Average,1887,,,miscellaneous food,Salt (iodised),334,KG,actual,Retail,INR,14.99,0.23
48687,2017-04-15,,,National Average,1887,,,miscellaneous food,Sugar,97,KG,actual,Retail,INR,42.43,0.66
48688,2017-04-15,,,National Average,1887,,,miscellaneous food,Tea (black),175,KG,actual,Retail,INR,200.88,3.12
48689,2017-04-15,,,National Average,1887,,,oil and fats,Oil (palm),62,KG,actual,Retail,INR,69.63,1.08
48690,2017-04-15,,,National Average,1887,,,oil and fats,Oil (soybean),306,KG,actual,Retail,INR,85.27,1.32
48691,2017-04-15,,,National Average,1887,,,pulses and nuts,Lentils,108,KG,actual,Retail,INR,88.8,1.38
48692,2017-04-15,,,National Average,1887,,,pulses and nuts,Lentils (masur),61,KG,actual,Retail,INR,74.89,1.16
48693,2017-04-15,,,National Average,1887,,,pulses and nuts,Lentils (urad),332,KG,actual,Retail,INR,99.33,1.54
48694,2017-04-15,,,National Average,1887,,,vegetables and fruits,Tomatoes,114,KG,actual,Retail,INR,17.35,0.27
50798,2017-07-15,,,National Average,1887,,,cereals and tubers,Potatoes,83,KG,actual,Retail,INR,15.34,0.24
50799,2017-07-15,,,National Average,1887,,,cereals and tubers,Rice,52,KG,actual,Retail,INR,29.48,0.46
50800,2017-07-15,,,National Average,1887,,,cereals and tubers,Wheat,84,KG,actual,Retail,INR,23.67,0.37
50801,2017-07-15,,,National Average,1887,,,cereals and tubers,Wheat flour,58,KG,actual,Retail,INR,25.98,0.4
50802,2017-07-15,,,National Average,1887,,,miscellaneous food,Sugar,97,KG,actual,Retail,INR,42.75,0.66
50803,2017-07-15,,,National Average,1887,,,miscellaneous food,Tea (black),175,KG,actual,Retail,INR,204.09,3.17
50804,2017-07-15,,,National Average,1887,,,oil and fats,Ghee (vanaspati),333,KG,actual,Retail,INR,77.23,1.2
50805,2017-07-15,,,National Average,1887,,,oil and fats,Oil (palm),62,KG,actual,Retail,INR,68.69,1.07
50806,2017-07-15,,,National Average,1887,,,oil and fats,Oil (soybean),306,KG,actual,Retail,INR,83.86,1.3
50807,2017-07-15,,,National Average,1887,,,pulses and nuts,Lentils,108,KG,actual,Retail,INR,81.91,1.27
50808,2017-07-15,,,National Average,1887,,,pulses and nuts,Lentils (masur),61,KG,actual,Retail,INR,68.88,1.07
50809,2017-07-15,,,National Average,1887,,,pulses and nuts,Lentils (moong),325,KG,actual,Retail,INR,76.78,1.19
50810,2017-07-15,,,National Average,1887,,,pulses and nuts,Lentils (urad),332,KG,actual,Retail,INR,90.41,1.4
50811,2017-07-15,,,National Average,1887,,,vegetables and fruits,Tomatoes,114,KG,actual,Retail,INR,57.29,0.89
51536,2017-08-15,,,National Average,1887,,,cereals and tubers,Potatoes,83,KG,actual,Retail,INR,15.82,0.25
51537,2017-08-15,,,National Average,1887,,,cereals and tubers,Rice,52,KG,actual,Retail,INR,29.46,0.46
51538,2017-08-15,,,National Average,1887,,,cereals and tubers,Wheat,84,KG,actual,Retail,INR,23.46,0.37
51539,2017-08-15,,,National Average,1887,,,cereals and tubers,Wheat flour,58,KG,actual,Retail,INR,25.8,0.4
51540,2017-08-15,,,National Average,1887,,,milk and dairy,Milk (pasteurized),463,L,actual,Retail,INR,42.09,0.66
51541,2017-08-15,,,National Average,1887,,,miscellaneous food,Salt (iodised),334,KG,actual,Retail,INR,15.22,0.24
51542,2017-08-15,,,National Average,1887,,,miscellaneous food,Sugar,97,KG,actual,Retail,INR,43.11,0.67
51543,2017-08-15,,,National Average,1887,,,oil and fats,Oil (palm),62,KG,actual,Retail,INR,68.9,1.07
51544,2017-08-15,,,National Average,1887,,,oil and fats,Oil (soybean),306,KG,actual,Retail,INR,84.08,1.31
51545,2017-08-15,,,National Average,1887,,,pulses and nuts,Lentils,108,KG,actual,Retail,INR,80.71,1.26
51546,2017-08-15,,,National Average,1887,,,pulses and nuts,Lentils (masur),61,KG,actual,Retail,INR,66.67,1.04
51547,2017-08-15,,,National Average,1887,,,vegetables and fruits,Tomatoes,114,KG,actual,Retail,INR,59.91,0.93
52253,2017-09-15,,,National Average,1887,,,cereals and tubers,Potatoes,83,KG,actual,Retail,INR,15.68,0.24
52254,2017-09-15,,,National Average,1887,,,cereals and tubers,Rice,52,KG,actual,Retail,INR,29.47,0.46
52255,2017-09-15,,,National Average,1887,,,cereals and tubers,Wheat,84,KG,actual,Retail,INR,23.38,0.36
52256,2017-09-15,,,National Average,1887,,,cereals and tubers,Wheat flour,58,KG,actual,Retail,INR,25.88,0.4
52257,2017-09-15,,,National Average,1887,,,milk and dairy,Milk (pasteurized),463,L,actual,Retail,INR,42.12,0.66
52258,2017-09-15,,,National Average,1887,,,miscellaneous food,Salt (iodised),334,KG,actual,Retail,INR,15.24,0.24
52259,2017-09-15,,,National Average,1887,,,miscellaneous food,Sugar,97,KG,actual,Retail,INR,43.48,0.68
52260,2017-09-15,,,National Average,1887,,,miscellaneous food,Tea (black),175,KG,actual,Retail,INR,204.28,3.19
52261,2017-09-15,,,National Average,1887,,,oil and fats,Ghee (vanaspati),333,KG,actual,Retail,INR,77.32,1.21
52262,2017-09-15,,,National Average,1887,,,oil and fats,Oil (groundnut),245,KG,actual,Retail,INR,128.48,2.0
52263,2017-09-15,,,National Average,1887,,,oil and fats,Oil (mustard),228,KG,actual,Retail,INR,105.17,1.64
52264,2017-09-15,,,National Average,1887,,,oil and fats,Oil (palm),62,KG,actual,Retail,INR,69.7,1.09
52265,2017-09-15,,,National Average,1887,,,pulses and nuts,Lentils,108,KG,actual,Retail,INR,83.2,1.3
52266,2017-09-15,,,National Average,1887,,,pulses and nuts,Lentils (masur),61,KG,actual,Retail,INR,66.55,1.04
52267,2017-09-15,,,National Average,1887,,,pulses and nuts,Lentils (moong),325,KG,actual,Retail,INR,76.49,1.19
52268,2017-09-15,,,National Average,1887,,,vegetables and fruits,Tomatoes,114,KG,actual,Retail,INR,40.85,0.64
52984,2017-10-15,,,National Average,1887,,,cereals and tubers,Potatoes,83,KG,actual,Retail,INR,15.91,0.25
52985,2017-10-15,,,National Average,1887,,,cereals and tubers,Rice,52,KG,actual,Retail,INR,29.81,0.46
52986,2017-10-15,,,National Average,1887,,,cereals and tubers,Wheat,84,KG,actual,Retail,INR,23.75,0.37
52987,2017-10-15,,,National Average,1887,,,cereals and tubers,Wheat flour,58,KG,actual,Retail,INR,26.07,0.4
52988,2017-10-15,,,National Average,1887,,,miscellaneous food,Sugar,97,KG,actual,Retail,INR,43.36,0.67
52989,2017-10-15,,,National Average,1887,,,oil and fats,Ghee (vanaspati),333,KG,actual,Retail,INR,77.87,1.2
52990,2017-10-15,,,National Average,1887,,,oil and fats,Oil (groundnut),245,KG,actual,Retail,INR,127.82,1.98
52991,2017-10-15,,,National Average,1887,,,oil and fats,Oil (palm),62,KG,actual,Retail,INR,70.59,1.09
52992,2017-10-15,,,National Average,1887,,,oil and fats,Oil (soybean),306,KG,actual,Retail,INR,85.21,1.32
52993,2017-10-15,,,National Average,1887,,,oil and fats,Oil (sunflower),184,KG,actual,Retail,INR,92.55,1.43
52994,2017-10-15,,,National Average,1887,,,pulses and nuts,Lentils,108,KG,actual,Retail,INR,82.51,1.28
52995,2017-10-15,,,National Average,1887,,,pulses and nuts,Lentils (masur),61,KG,actual,Retail,INR,65.28,1.01
52996,2017-10-15,,,National Average,1887,,,pulses and nuts,Lentils (urad),332,KG,actual,Retail,INR,85.01,1.31
52997,2017-10-15,,,National Average,1887,,,vegetables and fruits,Tomatoes,114,KG,actual,Retail,INR,36.99,0.57
53704,2017-11-15,,,National Average,1887,,,cereals and tubers,Potatoes,83,KG,actual,Retail,INR,16.11,0.25
53705,2017-11-15,,,National Average,1887,,,cereals and tubers,Rice,52,KG,actual,Retail,INR,30.0,0.46
53706,2017-11-15,,,National Average,1887,,,cereals and tubers,Wheat,84,KG,actual,Retail,INR,23.87,0.37
53707,2017-11-15,,,National Average,1887,,,cereals and tubers,Wheat flour,58,KG,actual,Retail,INR,26.42,0.4
53708,2017-11-15,,,National Average,1887,,,miscellaneous food,Salt (iodised),334,KG,actual,Retail,INR,15.06,0.23
53709,2017-11-15,,,National Average,1887,,,miscellaneous food,Sugar,97,KG,actual,Retail,INR,43.32,0.66
53710,2017-11-15,,,National Average,1887,,,miscellaneous food,Sugar (jaggery/gur),331,KG,actual,Retail,INR,46.5,0.71
53711,2017-11-15,,,National Average,1887,,,oil and fats,Oil (groundnut),245,KG,actual,Retail,INR,127.32,1.95
53712,2017-11-15,,,National Average,1887,,,oil and fats,Oil (palm),62,KG,actual,Retail,INR,71.72,1.1
53713,2017-11-15,,,National Average,1887,,,pulses and nuts,Lentils,108,KG,actual,Retail,INR,76.84,1.18
53714,2017-11-15,,,National Average,1887,,,pulses and nuts,Lentils (masur),61,KG,actual,Retail,INR,63.0,0.97
53715,2017-11-15,,,National Average,1887,,,pulses and nuts,Lentils (moong),325,KG,actual,Retail,INR,73.75,1.13
53716,2017-11-15,,,National Average,1887,,,vegetables and fruits,Tomatoes,114,KG,actual,Retail,INR,47.12,0.72
54427,2017-12-15,,,National Average,1887,,,cereals and tubers,Potatoes,83,KG,actual,Retail,INR,15.9,0.25
54428,2017-12-15,,,National Average,1887,,,cereals and tubers,Rice,52,KG,actual,Retail,INR,29.82,0.47
54429,2017-12-15,,,National Average,1887,,,cereals and tubers,Wheat,84,KG,actual,Retail,INR,23.82,0.37
54430,2017-12-15,,,National Average,1887,,,cereals and tubers,Wheat flour,58,KG,actual,Retail,INR,26.32,0.41
54431,2017-12-15,,,National Average,1887,,,miscellaneous food,Sugar,97,KG,actual,Retail,INR,42.5,0.66
54432,2017-12-15,,,National Average,1887,,,oil and fats,Ghee (vanaspati),333,KG,actual,Retail,INR,79.13,1.24
54433,2017-12-15,,,National Average,1887,,,oil and fats,Oil (mustard),228,KG,actual,Retail,INR,106.63,1.66
54434,2017-12-15,,,National Average,1887,,,oil and fats,Oil (palm),62,KG,actual,Retail,INR,73.01,1.14
54435,2017-12-15,,,National Average,1887,,,pulses and nuts,Lentils,108,KG,actual,Retail,INR,76.84,1.2
54436,2017-12-15,,,National Average,1887,,,pulses and nuts,Lentils (masur),61,KG,actual,Retail,INR,63.0,0.98
54437,2017-12-15,,,National Average,1887,,,vegetables and fruits,Tomatoes,114,KG,actual,Retail,INR,36.88,0.58
55149,2018-01-15,,,National Average,1887,,,cereals and tubers,Potatoes,83,KG,actual,Retail,INR,14.74,0.23
55150,2018-01-15,,,National Average,1887,,,cereals and tubers,Rice,52,KG,actual,Retail,INR,30.13,0.47
55151,2018-01-15,,,National Average,1887,,,cereals and tubers,Wheat,84,KG,actual,Retail,INR,23.81,0.37
55152,2018-01-15,,,National Average,1887,,,cereals and tubers,Wheat flour,58,KG,actual,Retail,INR,26.2,0.41
55153,2018-01-15,,,National Average,1887,,,milk and dairy,Milk (pasteurized),463,L,actual,Retail,INR,42.17,0.66
55154,2018-01-15,,,National Average,1887,,,miscellaneous food,Salt (iodised),334,KG,actual,Retail,INR,15.17,0.24
55155,2018-01-15,,,National Average,1887,,,miscellaneous food,Sugar,97,KG,actual,Retail,INR,41.37,0.65
55156,2018-01-15,,,National Average,1887,,,miscellaneous food,Sugar (jaggery/gur),331,KG,actual,Retail,INR,44.88,0.71
55157,2018-01-15,,,National Average,1887,,,oil and fats,Ghee (vanaspati),333,KG,actual,Retail,INR,79.18,1.25
55158,2018-01-15,,,National Average,1887,,,oil and fats,Oil (mustard),228,KG,actual,Retail,INR,106.58,1.68
55159,2018-01-15,,,National Average,1887,,,oil and fats,Oil (palm),62,KG,actual,Retail,INR,72.95,1.15
55160,2018-01-15,,,National Average,1887,,,oil and fats,Oil (sunflower),184,KG,actual,Retail,INR,94.25,1.48
55161,2018-01-15,,,National Average,1887,,,pulses and nuts,Lentils,108,KG,actual,Retail,INR,73.84,1.16
55162,2018-01-15,,,National Average,1887,,,pulses and nuts,Lentils (masur),61,KG,actual,Retail,INR,62.56,0.99
55163,2018-01-15,,,National Average,1887,,,pulses and nuts,Lentils (urad),332,KG,actual,Retail,INR,75.48,1.19
55164,2018-01-15,,,National Average,1887,,,vegetables and fruits,Tomatoes,114,KG,actual,Retail,INR,22.93,0.36
55884,2018-02-15,,,National Average,1887,,,cereals and tubers,Potatoes,83,KG,actual,Retail,INR,14.56,0.23
55885,2018-02-15,,,National Average,1887,,,cereals and tubers,Rice,52,KG,actual,Retail,INR,30.08,0.47
55886,2018-02-15,,,National Average,1887,,,cereals and tubers,Wheat,84,KG,actual,Retail,INR,23.97,0.38
55887,2018-02-15,,,National Average,1887,,,cereals and tubers,Wheat flour,58,KG,actual,Retail,INR,26.2,0.41
55888,2018-02-15,,,National Average,1887,,,miscellaneous food,Salt (iodised),334,KG,actual,Retail,INR,15.06,0.24
55889,2018-02-15,,,National Average,1887,,,miscellaneous food,Sugar,97,KG,actual,Retail,INR,40.74,0.64
55890,2018-02-15,,,National Average,1887,,,miscellaneous food,Sugar (jaggery/gur),331,KG,actual,Retail,INR,44.17,0.69
55891,2018-02-15,,,National Average,1887,,,oil and fats,Oil (palm),62,KG,actual,Retail,INR,73.45,1.15
55892,2018-02-15,,,National Average,1887,,,oil and fats,Oil (sunflower),184,KG,actual,Retail,INR,93.98,1.47
55893,2018-02-15,,,National Average,1887,,,pulses and nuts,Lentils,108,KG,actual,Retail,INR,71.41,1.12
55894,2018-02-15,,,National Average,1887,,,pulses and nuts,Lentils (masur),61,KG,actual,Retail,INR,62.45,0.98
55895,2018-02-15,,,National Average,1887,,,vegetables and fruits,Tomatoes,114,KG,actual,Retail,INR,18.73,0.29
56579,2018-03-15,,,National Average,1887,,,cereals and tubers,Potatoes,83,KG,actual,Retail,INR,15.24,0.23
56580,2018-03-15,,,National Average,1887,,,cereals and tubers,Rice,52,KG,actual,Retail,INR,30.08,0.46
56581,2018-03-15,,,National Average,1887,,,cereals and tubers,Wheat,84,KG,actual,Retail,INR,23.93,0.37
56582,2018-03-15,,,National Average,1887,,,cereals and tubers,Wheat flour,58,KG,actual,Retail,INR,26.26,0.4
56583,2018-03-15,,,National Average,1887,,,miscellaneous food,Sugar,97,KG,actual,Retail,INR,40.35,0.62
56584,2018-03-15,,,National Average,1887,,,miscellaneous food,Sugar (jaggery/gur),331,KG,actual,Retail,INR,43.26,0.67
56585,2018-03-15,,,National Average,1887,,,oil and fats,Ghee (vanaspati),333,KG,actual,Retail,INR,79.56,1.22
56586,2018-03-15,,,National Average,1887,,,oil and fats,Oil (groundnut),245,KG,actual,Retail,INR,126.44,1.95
56587,2018-03-15,,,National Average,1887,,,oil and fats,Oil (mustard),228,KG,actual,Retail,INR,105.67,1.63
56588,2018-03-15,,,National Average,1887,,,oil and fats,Oil (palm),62,KG,actual,Retail,INR,76.08,1.17
56589,2018-03-15,,,National Average,1887,,,pulses and nuts,Lentils,108,KG,actual,Retail,INR,69.32,1.07
56590,2018-03-15,,,National Average,1887,,,pulses and nuts,Lentils (masur),61,KG,actual,Retail,INR,61.89,0.95
56591,2018-03-15,,,National Average,1887,,,pulses and nuts,Lentils (moong),325,KG,actual,Retail,INR,73.49,1.13
56592,2018-03-15,,,National Average,1887,,,vegetables and fruits,Tomatoes,114,KG,actual,Retail,INR,16.86,0.26
57279,2018-04-15,,,National Average,1887,,,cereals and tubers,Potatoes,83,KG,actual,Retail,INR,16.6,0.25
57280,2018-04-15,,,National Average,1887,,,cereals and tubers,Rice,52,KG,actual,Retail,INR,30.03,0.46
57281,2018-04-15,,,National Average,1887,,,cereals and tubers,Wheat,84,KG,actual,Retail,INR,23.83,0.36
57282,2018-04-15,,,National Average,1887,,,cereals and tubers,Wheat flour,58,KG,actual,Retail,INR,25.98,0.4
57283,2018-04-15,,,National Average,1887,,,miscellaneous food,Sugar,97,KG,actual,Retail,INR,39.01,0.6
57284,2018-04-15,,,National Average,1887,,,oil and fats,Oil (palm),62,KG,actual,Retail,INR,77.77,1.19
57285,2018-04-15,,,National Average,1887,,,pulses and nuts,Lentils,108,KG,actual,Retail,INR,66.55,1.02
57286,2018-04-15,,,National Average,1887,,,pulses and nuts,Lentils (masur),61,KG,actual,Retail,INR,60.25,0.92
57287,2018-04-15,,,National Average,1887,,,vegetables and fruits,Tomatoes,114,KG,actual,Retail,INR,15.87,0.24
57980,2018-05-15,,,National Average,1887,,,cereals and tubers,Potatoes,83,KG,actual,Retail,INR,18.74,0.28
57981,2018-05-15,,,National Average,1887,,,cereals and tubers,Rice,52,KG,actual,Retail,INR,29.98,0.44
57982,2018-05-15,,,National Average,1887,,,cereals and tubers,Wheat,84,KG,actual,Retail,INR,23.91,0.35
57983,2018-05-15,,,National Average,1887,,,cereals and tubers,Wheat flour,58,KG,actual,Retail,INR,26.01,0.38
57984,2018-05-15,,,National Average,1887,,,miscellaneous food,Sugar,97,KG,actual,Retail,INR,36.88,0.54
57985,2018-05-15,,,National Average,1887,,,miscellaneous food,Sugar (jaggery/gur),331,KG,actual,Retail,INR,42.21,0.62
57986,2018-05-15,,,National Average,1887,,,miscellaneous food,Tea (black),175,KG,actual,Retail,INR,209.58,3.08
57987,2018-05-15,,,National Average,1887,,,oil and fats,Oil (palm),62,KG,actual,Retail,INR,78.26,1.15
57988,2018-05-15,,,National Average,1887,,,pulses and nuts,Lentils,108,KG,actual,Retail,INR,64.45,0.95
57989,2018-05-15,,,National Average,1887,,,pulses and nuts,Lentils (masur),61,KG,actual,Retail,INR,60.28,0.89
57990,2018-05-15,,,National Average,1887,,,pulses and nuts,Lentils (moong),325,KG,actual,Retail,INR,72.3,1.06
57991,2018-05-15,,,National Average,1887,,,vegetables and fruits,Tomatoes,114,KG,actual,Retail,INR,16.02,0.24
58698,2018-06-15,,,National Average,1887,,,cereals and tubers,Potatoes,83,KG,actual,Retail,INR,20.29,0.3
58699,2018-06-15,,,National Average,1887,,,cereals and tubers,Rice,52,KG,actual,Retail,INR,30.1,0.44
58700,2018-06-15,,,National Average,1887,,,cereals and tubers,Wheat,84,KG,actual,Retail,INR,24.0,0.35
58701,2018-06-15,,,National Average,1887,,,cereals and tubers,Wheat flour,58,KG,actual,Retail,INR,26.09,0.38
58702,2018-06-15,,,National Average,1887,,,milk and dairy,Milk (pasteurized),463,L,actual,Retail,INR,42.39,0.62
58703,2018-06-15,,,National Average,1887,,,miscellaneous food,Sugar,97,KG,actual,Retail,INR,37.41,0.55
58704,2018-06-15,,,National Average,1887,,,miscellaneous food,Sugar (jaggery/gur),331,KG,actual,Retail,INR,42.58,0.63
58705,2018-06-15,,,National Average,1887,,,oil and fats,Oil (palm),62,KG,actual,Retail,INR,78.22,1.15
58706,2018-06-15,,,National Average,1887,,,pulses and nuts,Lentils,108,KG,actual,Retail,INR,63.65,0.94
58707,2018-06-15,,,National Average,1887,,,pulses and nuts,Lentils (masur),61,KG,actual,Retail,INR,60.22,0.88
58708,2018-06-15,,,National Average,1887,,,vegetables and fruits,Tomatoes,114,KG,actual,Retail,INR,21.43,0.31
59415,2018-07-15,,,National Average,1887,,,cereals and tubers,Potatoes,83,KG,actual,Retail,INR,21.51,0.31
59416,2018-07-15,,,National Average,1887,,,cereals and tubers,Rice,52,KG,actual,Retail,INR,30.22,0.44
59417,2018-07-15,,,National Average,1887,,,cereals and tubers,Wheat,84,KG,actual,Retail,INR,23.99,0.35
59418,2018-07-15,,,National Average,1887,,,cereals and tubers,Wheat flour,58,KG,actual,Retail,INR,26.24,0.38
59419,2018-07-15,,,National Average,1887,,,miscellaneous food,Sugar,97,KG,actual,Retail,INR,38.79,0.57
59420,2018-07-15,,,National Average,1887,,,oil and fats,Oil (groundnut),245,KG,actual,Retail,INR,124.61,1.82
59421,2018-07-15,,,National Average,1887,,,oil and fats,Oil (palm),62,KG,actual,Retail,INR,78.34,1.14
59422,2018-07-15,,,National Average,1887,,,pulses and nuts,Lentils,108,KG,actual,Retail,INR,63.46,0.93
59423,2018-07-15,,,National Average,1887,,,pulses and nuts,Lentils (masur),61,KG,actual,Retail,INR,60.94,0.89
59424,2018-07-15,,,National Average,1887,,,vegetables and fruits,Onions,173,KG,actual,Retail,INR,21.02,0.31
59425,2018-07-15,,,National Average,1887,,,vegetables and fruits,Tomatoes,114,KG,actual,Retail,INR,28.57,0.42
60119,2018-08-15,,,National Average,1887,,,cereals and tubers,Potatoes,83,KG,actual,Retail,INR,21.6,0.31
60120,2018-08-15,,,National Average,1887,,,cereals and tubers,Rice,52,KG,actual,Retail,INR,30.04,0.43
60121,2018-08-15,,,National Average,1887,,,cereals and tubers,Wheat,84,KG,actual,Retail,INR,24.13,0.35
60122,2018-08-15,,,National Average,1887,,,cereals and tubers,Wheat flour,58,KG,actual,Retail,INR,26.45,0.38
60123,2018-08-15,,,National Average,1887,,,miscellaneous food,Salt (iodised),334,KG,actual,Retail,INR,15.37,0.22
60124,2018-08-15,,,National Average,1887,,,miscellaneous food,Sugar,97,KG,actual,Retail,INR,38.8,0.55
60125,2018-08-15,,,National Average,1887,,,oil and fats,Ghee (vanaspati),333,KG,actual,Retail,INR,80.51,1.15
60126,2018-08-15,,,National Average,1887,,,oil and fats,Oil (groundnut),245,KG,actual,Retail,INR,124.46,1.78
60127,2018-08-15,,,National Average,1887,,,oil and fats,Oil (palm),62,KG,actual,Retail,INR,77.85,1.11
60128,2018-08-15,,,National Average,1887,,,oil and fats,Oil (sunflower),184,KG,actual,Retail,INR,97.61,1.4
60129,2018-08-15,,,National Average,1887,,,pulses and nuts,Lentils,108,KG,actual,Retail,INR,64.99,0.93
60130,2018-08-15,,,National Average,1887,,,pulses and nuts,Lentils (masur),61,KG,actual,Retail,INR,61.15,0.87
60131,2018-08-15,,,National Average,1887,,,pulses and nuts,Lentils (moong),325,KG,actual,Retail,INR,73.4,1.05
60132,2018-08-15,,,National Average,1887,,,vegetables and fruits,Tomatoes,114,KG,actual,Retail,INR,27.96,0.4
60865,2018-09-15,,,National Average,1887,,,cereals and tubers,Potatoes,83,KG,actual,Retail,INR,21.59,0.3
60866,2018-09-15,,,National Average,1887,,,cereals and tubers,Rice,52,KG,actual,Retail,INR,29.9,0.41
60867,2018-09-15,,,National Average,1887,,,cereals and tubers,Wheat,84,KG,actual,Retail,INR,24.3,0.34
60868,2018-09-15,,,National Average,1887,,,cereals and tubers,Wheat flour,58,KG,actual,Retail,INR,26.54,0.37
60869,2018-09-15,,,National Average,1887,,,milk and dairy,Milk (pasteurized),463,L,actual,Retail,INR,42.39,0.59
60870,2018-09-15,,,National Average,1887,,,miscellaneous food,Sugar,97,KG,actual,Retail,INR,38.52,0.53
60871,2018-09-15,,,National Average,1887,,,miscellaneous food,Tea (black),175,KG,actual,Retail,INR,208.98,2.9
60872,2018-09-15,,,National Average,1887,,,oil and fats,Oil (palm),62,KG,actual,Retail,INR,77.06,1.07
60873,2018-09-15,,,National Average,1887,,,oil and fats,Oil (soybean),306,KG,actual,Retail,INR,89.81,1.25
60874,2018-09-15,,,National Average,1887,,,oil and fats,Oil (sunflower),184,KG,actual,Retail,INR,97.71,1.36
60875,2018-09-15,,,National Average,1887,,,pulses and nuts,Lentils,108,KG,actual,Retail,INR,64.75,0.9
60876,2018-09-15,,,National Average,1887,,,pulses and nuts,Lentils (masur),61,KG,actual,Retail,INR,61.3,0.85
60877,2018-09-15,,,National Average,1887,,,pulses and nuts,Lentils (moong),325,KG,actual,Retail,INR,73.3,1.02
60878,2018-09-15,,,National Average,1887,,,vegetables and fruits,Tomatoes,114,KG,actual,Retail,INR,24.48,0.34
61583,2018-10-15,,,National Average,1887,,,cereals and tubers,Potatoes,83,KG,actual,Retail,INR,22.0,0.3
61584,2018-10-15,,,National Average,1887,,,cereals and tubers,Rice,52,KG,actual,Retail,INR,29.97,0.41
61585,2018-10-15,,,National Average,1887,,,cereals and tubers,Wheat,84,KG,actual,Retail,INR,24.66,0.33
61586,2018-10-15,,,National Average,1887,,,cereals and tubers,Wheat flour,58,KG,actual,Retail,INR,26.85,0.36
61587,2018-10-15,,,National Average,1887,,,miscellaneous food,Salt (iodised),334,KG,actual,Retail,INR,15.23,0.21
61588,2018-10-15,,,National Average,1887,,,miscellaneous food,Sugar,97,KG,actual,Retail,INR,38.58,0.52
61589,2018-10-15,,,National Average,1887,,,miscellaneous food,Sugar (jaggery/gur),331,KG,actual,Retail,INR,43.36,0.59
61590,2018-10-15,,,National Average,1887,,,oil and fats,Oil (mustard),228,KG,actual,Retail,INR,106.06,1.44
61591,2018-10-15,,,National Average,1887,,,oil and fats,Oil (palm),62,KG,actual,Retail,INR,77.27,1.05
61592,2018-10-15,,,National Average,1887,,,oil and fats,Oil (soybean),306,KG,actual,Retail,INR,90.08,1.22
61593,2018-10-15,,,National Average,1887,,,pulses and nuts,Lentils,108,KG,actual,Retail,INR,64.2,0.87
61594,2018-10-15,,,National Average,1887,,,pulses and nuts,Lentils (masur),61,KG,actual,Retail,INR,61.55,0.83
61595,2018-10-15,,,National Average,1887,,,vegetables and fruits,Onions,173,KG,actual,Retail,INR,21.41,0.29
61596,2018-10-15,,,National Average,1887,,,vegetables and fruits,Tomatoes,114,KG,actual,Retail,INR,23.45,0.32
62288,2018-11-15,,,National Average,1887,,,cereals and tubers,Potatoes,83,KG,actual,Retail,INR,22.05,0.31
62289,2018-11-15,,,National Average,1887,,,cereals and tubers,Rice,52,KG,actual,Retail,INR,29.98,0.42
62290,2018-11-15,,,National Average,1887,,,cereals and tubers,Wheat,84,KG,actual,Retail,INR,24.87,0.35
62291,2018-11-15,,,National Average,1887,,,cereals and tubers,Wheat flour,58,KG,actual,Retail,INR,27.14,0.38
62292,2018-11-15,,,National Average,1887,,,miscellaneous food,Sugar,97,KG,actual,Retail,INR,38.44,0.53
62293,2018-11-15,,,National Average,1887,,,oil and fats,Ghee (vanaspati),333,KG,actual,Retail,INR,81.18,1.13
62294,2018-11-15,,,National Average,1887,,,oil and fats,Oil (groundnut),245,KG,actual,Retail,INR,125.74,1.75
62295,2018-11-15,,,National Average,1887,,,oil and fats,Oil (palm),62,KG,actual,Retail,INR,76.77,1.07
62296,2018-11-15,,,National Average,1887,,,pulses and nuts,Lentils,108,KG,actual,Retail,INR,65.03,0.9
62297,2018-11-15,,,National Average,1887,,,pulses and nuts,Lentils (masur),61,KG,actual,Retail,INR,61.55,0.86
62298,2018-11-15,,,National Average,1887,,,pulses and nuts,Lentils (moong),325,KG,actual,Retail,INR,74.16,1.03
62299,2018-11-15,,,National Average,1887,,,vegetables and fruits,Onions,173,KG,actual,Retail,INR,22.02,0.31
62300,2018-11-15,,,National Average,1887,,,vegetables and fruits,Tomatoes,114,KG,actual,Retail,INR,23.47,0.33
63022,2019-01-15,,,National Average,1887,,,cereals and tubers,Potatoes,83,KG,actual,Retail,INR,16.93,0.24
63023,2019-01-15,,,National Average,1887,,,cereals and tubers,Rice,52,KG,actual,Retail,INR,30.09,0.42
63024,2019-01-15,,,National Average,1887,,,cereals and tubers,Wheat,84,KG,actual,Retail,INR,25.59,0.36
63025,2019-01-15,,,National Average,1887,,,cereals and tubers,Wheat flour,58,KG,actual,Retail,INR,27.39,0.39
63026,2019-01-15,,,National Average,1887,,,miscellaneous food,Sugar,97,KG,actual,Retail,INR,38.25,0.54
63027,2019-01-15,,,National Average,1887,,,oil and fats,Ghee (vanaspati),333,KG,actual,Retail,INR,80.56,1.13
63028,2019-01-15,,,National Average,1887,,,oil and fats,Oil (mustard),228,KG,actual,Retail,INR,108.35,1.52
63029,2019-01-15,,,National Average,1887,,,oil and fats,Oil (palm),62,KG,actual,Retail,INR,75.8,1.07
63030,2019-01-15,,,National Average,1887,,,pulses and nuts,Lentils,108,KG,actual,Retail,INR,66.43,0.93
63031,2019-01-15,,,National Average,1887,,,pulses and nuts,Lentils (masur),61,KG,actual,Retail,INR,61.81,0.87
63032,2019-01-15,,,National Average,1887,,,pulses and nuts,Lentils (urad),332,KG,actual,Retail,INR,71.83,1.01
63033,2019-01-15,,,National Average,1887,,,vegetables and fruits,Onions,173,KG,actual,Retail,INR,18.03,0.25
63034,2019-01-15,,,National Average,1887,,,vegetables and fruits,Tomatoes,114,KG,actual,Retail,INR,22.98,0.32
63921,2019-06-15,,,National Average,1887,,,cereals and tubers,Rice,52,KG,actual,Retail,INR,31.54,0.45
63922,2019-06-15,,,National Average,1887,,,cereals and tubers,Wheat,84,KG,actual,Retail,INR,26.43,0.38
63923,2019-06-15,,,National Average,1887,,,cereals and tubers,Wheat flour,58,KG,actual,Retail,INR,27.91,0.4
63924,2019-06-15,,,National Average,1887,,,oil and fats,Ghee (vanaspati),333,KG,actual,Retail,INR,79.64,1.14
63925,2019-06-15,,,National Average,1887,,,oil and fats,Oil (palm),62,KG,actual,Retail,INR,74.72,1.07
63926,2019-06-15,,,National Average,1887,,,oil and fats,Oil (soybean),306,KG,actual,Retail,INR,92.31,1.32
63927,2019-06-15,,,National Average,1887,,,pulses and nuts,Lentils,108,KG,actual,Retail,INR,66.16,0.95
63928,2019-06-15,,,National Average,1887,,,pulses and nuts,Lentils (masur),61,KG,actual,Retail,INR,62.6,0.9
63929,2019-06-15,,,National Average,1887,,,pulses and nuts,Lentils (moong),325,KG,actual,Retail,INR,81.92,1.17
63930,2019-06-15,,,National Average,1887,,,pulses and nuts,Lentils (urad),332,KG,actual,Retail,INR,75.2,1.08
